timestamp,temp_in,hum_in,temp_out,hum_out,open_close
1523073600,16.910000,32.341110,20.910000,38.410000,0
1523073660,17.320000,32.610001,20.930000,38.389999,0
1523073720,16.916666,31.059999,20.930000,38.450001,0
1523073780,16.820000,34.869999,20.930000,38.480000,0
1523073840,17.410000,38.524002,20.930000,38.509998,0
1523073900,16.884998,35.105003,20.930000,38.590000,0
1523073960,17.043333,38.445000,20.930000,38.669998,0
1523074020,16.889999,32.342499,20.969999,38.790001,0
1523074080,16.959999,36.349998,20.969999,38.930000,0
1523074140,17.230000,38.907776,20.969999,38.509998,0
1523074200,17.270000,34.724998,20.950001,38.590000,0
1523074320,17.139999,35.445000,20.969999,38.669998,0
1523074380,17.369999,38.630001,21.000000,38.759998,0
1523074440,17.219999,37.680000,20.969999,38.799999,0
1523074500,17.266666,35.458000,20.950001,38.910000,0
1523074560,17.357500,37.580715,20.969999,39.029999,0
1523074620,17.403334,35.884998,20.969999,39.119999,0
1523074680,17.210001,35.207500,21.000000,39.250000,0
1523074740,17.136667,31.956667,21.000000,39.279999,0
1523074800,17.172501,34.650002,21.000000,38.990002,0
1523074860,17.343334,37.650002,21.000000,39.080002,0
1523074920,17.490000,39.758331,20.969999,39.189999,0
1523074980,17.463333,34.813332,21.000000,39.279999,0
1523075040,17.475000,35.923332,21.020000,39.349998,0
1523075100,17.530001,36.607498,21.000000,39.450001,0
1523075160,17.595001,37.457500,21.000000,39.509998,0
1523075220,17.490000,37.910000,21.000000,39.580002,0
1523075280,17.540001,38.040001,20.969999,39.599998,0
1523075340,17.516666,38.810001,21.000000,39.599998,0
1523075400,17.477501,39.230000,21.000000,39.669998,0
1523075460,17.603333,39.637501,21.020000,39.660000,0
1523075520,17.674999,39.953335,20.969999,39.660000,0
1523075580,17.650000,40.493332,20.969999,39.660000,0
1523075640,17.602501,40.840000,21.020000,39.660000,0
1523075700,17.799999,41.270000,20.969999,39.630001,0
1523075760,17.900000,45.046875,21.020000,39.720001,0
1523075820,17.904999,37.772499,21.000000,39.720001,0
1523075880,18.016666,36.544998,21.040001,39.750000,0
1523075940,17.879999,37.165001,21.020000,39.770000,0
1523076000,18.037498,37.485001,21.000000,39.750000,0
1523076060,17.510000,37.904999,21.020000,39.750000,0
1523076120,17.560001,37.580002,20.969999,39.810001,0
1523076180,17.520000,37.700001,21.020000,39.840000,0
1523076300,17.900000,37.309998,20.969999,39.830002,0
1523076360,17.800001,36.770000,20.969999,39.869999,0
1523076420,17.945000,36.660000,21.000000,39.490002,0
1523076480,18.136667,38.384445,21.000000,39.520000,0
1523076540,17.562500,36.143333,21.000000,39.549999,0
1523076600,17.573334,37.866669,21.000000,39.740002,0
1523076660,17.605000,38.857498,21.000000,39.720001,0
1523076720,17.623333,39.384998,21.000000,39.779999,0
1523076780,17.593332,40.112503,21.000000,39.889999,0
1523076840,17.613333,40.587502,21.020000,40.009998,0
1523076900,17.812500,40.895000,20.969999,40.070000,0
1523076960,18.150000,41.389999,20.969999,40.270000,0
1523077140,17.530001,42.029999,21.000000,40.240002,0
1523077380,17.697500,42.025002,20.969999,40.320000,0
1523077440,17.593332,41.060001,21.000000,40.290001,0
1523077500,17.647499,41.076668,20.969999,40.380001,0
1523077560,17.586666,41.117500,21.020000,39.950001,0
1523077620,17.665001,41.427498,20.969999,40.040001,0
1523077680,17.600000,41.674999,21.020000,40.119999,0
1523077740,17.690001,41.772499,21.020000,40.160000,0
1523077800,17.843334,42.080002,21.000000,40.250000,0
1523077860,18.055000,42.517502,21.000000,40.290001,0
1523077920,18.063334,42.580002,20.969999,40.410000,0
1523077980,18.150000,42.782501,21.040001,40.470001,0
1523078040,18.570000,42.915001,21.000000,40.529999,0
1523078100,18.637501,43.072498,21.000000,40.610001,0
1523078160,18.209999,43.340000,21.020000,40.650002,0
1523078220,18.445000,43.657501,21.020000,40.680000,0
1523078280,18.456667,43.970001,20.969999,40.730000,0
1523078340,17.877501,43.582500,20.969999,40.770000,1
1523078400,17.173334,43.680000,20.969999,40.830002,1
1523078460,16.717501,44.082500,21.000000,40.799999,1
1523078520,16.516666,44.172501,20.969999,40.830002,1
1523078580,16.402500,44.190002,20.969999,40.480000,1
1523078640,16.146666,44.312500,20.969999,40.509998,1
1523078700,16.282501,44.299999,20.969999,40.580002,1
1523078760,16.446667,44.587502,20.969999,40.529999,1
1523078820,16.177500,44.559998,21.000000,40.540001,1
1523078880,16.236666,44.259998,20.950001,40.650002,1
1523078940,16.445000,44.487499,21.000000,40.730000,1
1523079000,16.283333,44.647499,21.000000,40.730000,1
1523079060,15.802500,44.480000,20.950001,40.770000,1
1523079120,15.903334,44.147499,20.969999,40.759998,1
1523079180,15.742500,44.385002,21.000000,40.790001,1
1523079240,15.525000,44.160000,20.969999,40.869999,1
1523079300,15.640000,44.582500,20.969999,40.799999,1
1523079360,15.600000,45.107498,20.969999,40.910000,1
1523079420,15.046666,44.950001,20.930000,40.869999,0
1523079480,15.030000,45.003334,20.950001,40.910000,0
1523079540,15.106667,45.497501,20.969999,40.939999,0
1523079600,15.777500,45.619999,20.950001,40.930000,0
1523079660,15.776667,45.555000,20.930000,40.939999,0
1523079720,15.680000,45.652500,21.000000,40.939999,0
1523079780,15.296666,45.660000,20.930000,40.970001,0
1523079840,15.025000,46.070000,20.950001,41.000000,0
1523079900,14.223333,45.940002,20.950001,40.970001,0
1523079960,13.577499,45.740002,20.950001,40.970001,1
1523080020,13.980000,46.167500,20.969999,41.080002,1
1523080080,14.120000,46.385002,20.950001,41.060001,1
1523080140,13.720000,46.742500,20.930000,41.090000,1
1523080200,13.412499,46.504997,20.950001,41.189999,1
1523080260,14.045000,46.279999,20.930000,41.250000,1
1523080500,17.868000,46.497498,20.969999,41.259998,0
1523080560,18.656668,46.695000,20.950001,41.290001,0
1523080620,18.280001,46.642502,20.969999,41.250000,0
1523080680,18.053333,46.690002,20.969999,41.340000,0
1523080740,17.952499,46.532501,20.930000,41.369999,0
1523080800,18.136667,46.584999,20.969999,40.939999,0
1523080860,18.100000,46.200001,20.969999,40.970001,0
1523080920,18.196667,46.292500,20.969999,41.020000,0
1523080980,18.470001,46.010002,21.000000,40.970001,0
1523081040,18.730000,46.180000,20.950001,41.060001,0
1523081100,18.362499,46.502499,20.910000,41.080002,0
1523081160,18.469999,46.607498,20.950001,41.080002,0
1523081220,18.652500,46.389999,20.950001,41.110001,0
1523081280,18.959999,46.632500,20.930000,41.060001,0
1523081340,19.117500,46.549999,20.930000,41.139999,0
1523081400,19.276667,47.093334,20.930000,41.200001,0
1523081460,19.467499,46.797501,20.969999,41.139999,0
1523081520,18.926666,46.566666,20.930000,41.250000,0
1523081580,19.032501,46.842499,20.969999,41.200001,0
1523081640,19.226667,46.555000,20.950001,41.250000,0
1523081700,19.262501,46.752502,20.930000,41.279999,0
1523081760,19.549999,46.660000,20.930000,41.279999,0
1523081820,19.912500,46.730000,20.950001,41.320000,0
1523081880,20.146667,46.977501,20.930000,41.320000,0
1523081940,19.689999,46.842499,20.930000,41.369999,0
1523082000,19.876667,46.974998,20.950001,41.320000,0
1523082060,20.122499,47.064999,20.930000,41.369999,0
1523082120,20.040001,46.995003,20.950001,41.380001,1
1523082180,19.247499,47.154999,20.950001,41.400002,1
1523082240,19.290001,47.614998,20.950001,41.450001,0
1523082300,19.860001,47.432499,20.930000,41.450001,0
1523082360,19.777500,47.195000,20.950001,41.459999,0
1523082420,19.946667,47.532501,20.930000,41.480000,0
1523082480,20.162500,47.802498,20.969999,41.509998,0
1523082540,20.376667,47.514999,20.950001,41.520000,0
1523082600,20.455000,47.549999,20.969999,41.509998,0
1523082660,20.616667,47.267502,20.950001,41.540001,0
1523082720,20.730000,47.357498,20.930000,41.610001,0
1523082780,20.853333,47.212502,20.969999,41.599998,0
1523082840,20.735001,47.195000,20.950001,41.639999,0
1523082900,20.330000,47.232498,20.969999,41.630001,0
1523082960,20.430000,47.562500,20.969999,41.639999,0
1523083020,20.516666,47.226665,20.950001,41.639999,0
1523083080,20.552500,46.957500,20.950001,41.639999,0
1523083140,20.623333,46.560001,20.950001,41.639999,0
1523083200,20.670000,46.582500,20.950001,41.660000,0
1523083260,20.773333,46.507500,20.969999,41.669998,0
1523083320,20.830000,46.375000,20.950001,41.750000,0
1523083380,20.836666,46.012501,20.950001,41.830002,0
1523083440,20.872499,46.105000,20.950001,41.810001,0
1523083500,20.889999,46.057499,20.950001,41.799999,0
1523083560,20.827499,45.864998,20.950001,41.740002,0
1523083620,20.889999,45.837502,20.969999,41.799999,0
1523083680,20.879999,45.705002,20.969999,41.860001,0
1523083740,20.943333,46.187500,20.969999,41.380001,0
1523083800,20.965000,46.227501,20.950001,41.430000,0
1523083860,21.003334,46.360001,20.969999,41.509998,0
1523083920,20.742500,46.232498,20.930000,41.540001,1
1523083980,20.520000,46.227501,20.950001,41.639999,0
1523084040,20.642500,46.059998,21.000000,41.630001,0
1523084100,20.776667,46.397499,20.969999,41.689999,0
1523084160,20.904999,46.332500,20.969999,41.639999,0
1523084220,20.966667,46.602501,20.950001,41.700001,0
1523084280,20.985001,46.299999,20.950001,41.750000,0
1523084340,21.020000,46.372501,20.969999,41.810001,0
1523084400,21.245001,46.252502,20.950001,41.919998,0
1523084460,21.203333,46.224998,20.950001,41.980000,0
1523084520,21.263334,46.286667,20.969999,42.009998,0
1523084580,21.303333,46.029999,20.969999,42.040001,0
1523084640,21.244999,45.972500,20.930000,42.029999,0
1523084700,21.286667,45.966667,20.969999,42.070000,0
1523084760,21.264999,45.994999,20.930000,42.180000,0
1523084820,21.306667,46.235001,20.969999,42.150002,0
1523084880,21.327499,46.110001,20.969999,42.160000,0
1523084940,21.330000,46.242500,20.950001,42.180000,0
1523085000,21.355000,46.044998,20.950001,42.160000,0
1523085060,21.393333,46.082500,20.969999,42.189999,0
1523085120,21.440001,45.834999,20.969999,42.209999,0
1523085180,21.456667,46.067497,20.930000,42.189999,0
1523085240,21.466667,46.032501,20.969999,42.150002,0
1523085300,21.510000,46.320000,20.910000,42.130001,0
1523085360,21.549999,46.355000,20.969999,42.189999,0
1523085420,21.389999,46.160000,20.930000,42.220001,0
1523085480,21.516666,46.535000,20.930000,42.270000,0
1523085540,21.530001,46.042500,20.930000,42.290001,0
1523085600,21.543333,46.222500,20.950001,42.290001,0
1523085660,21.005001,46.435001,20.969999,42.220001,0
1523085720,21.003334,46.404999,20.930000,42.330002,1
1523085780,21.250000,46.522499,20.930000,42.330002,0
1523085840,21.549999,46.527500,20.969999,42.299999,0
1523085900,20.934999,46.575001,20.969999,42.349998,0
1523085960,21.003334,46.552498,20.930000,41.919998,0
1523086020,21.035000,46.487499,20.910000,42.330002,0
1523086080,21.066666,46.514999,20.930000,41.889999,0
1523086140,21.084999,46.622498,20.950001,41.889999,0
1523086200,21.080000,46.832500,20.950001,41.900002,0
1523086260,21.147499,46.867500,20.950001,42.330002,0
1523086320,21.120001,46.792500,20.930000,42.299999,0
1523086380,21.095001,46.830002,20.969999,42.330002,0
1523086440,21.126667,46.535000,20.950001,42.270000,0
1523086500,21.174999,46.669998,20.910000,42.240002,0
1523086560,21.236666,46.619999,20.930000,42.189999,0
1523086620,21.219999,46.610001,20.950001,42.189999,0
1523086680,21.163334,46.366665,20.930000,42.150002,0
1523086740,21.165001,46.720001,20.910000,42.119999,0
1523086800,21.230000,46.647499,20.950001,42.060001,0
1523086860,21.235001,46.492500,20.910000,42.070000,0
1523086920,21.176666,46.692501,20.930000,42.000000,0
1523086980,21.162500,46.630001,20.950001,41.930000,0
1523087040,21.113335,46.755001,20.910000,41.869999,0
1523087100,21.100000,46.922501,20.930000,41.860001,0
1523087160,21.073334,47.119999,20.910000,41.900002,0
1523087220,21.045000,47.099998,20.950001,41.840000,0
1523087280,21.120001,47.005001,20.950001,41.830002,0
1523087340,21.090000,46.582500,20.930000,41.740002,0
1523087400,21.106667,46.669998,20.930000,41.830002,0
1523087460,21.100000,47.590000,20.910000,41.799999,0
1523087520,21.530001,47.532501,20.910000,41.779999,1
1523087580,21.437500,47.035000,20.910000,41.720001,0
1523087640,21.340000,47.385002,20.910000,41.720001,0
1523087700,21.262501,47.294998,20.930000,41.599998,0
1523087760,21.253332,47.639999,20.910000,41.599998,0
1523087820,21.197500,47.910000,21.570000,41.490002,0
1523087880,21.100000,47.982498,20.910000,41.549999,0
1523087940,21.127501,47.947498,20.910000,41.480000,0
1523088000,21.236668,47.985001,21.570000,41.410000,0
1523088060,21.270000,48.010002,20.910000,41.860001,0
1523088120,21.323334,48.025002,20.930000,41.770000,0
1523088180,21.369999,48.057499,21.570000,41.720001,0
1523088240,21.353334,48.157501,20.910000,41.660000,0
1523088300,21.345001,48.150002,20.930000,41.639999,0
1523088360,21.325001,48.377502,21.570000,41.549999,0
1523088420,21.209999,48.154999,20.910000,41.580002,0
1523088480,21.070000,48.217499,20.930000,41.509998,0
1523088540,20.993334,48.165001,21.570000,41.599998,0
1523088600,21.070000,48.343334,20.910000,41.580002,0
1523088660,21.153334,48.382500,21.570000,41.549999,0
1523088720,21.235001,48.462502,21.570000,41.459999,0
1523088780,21.340000,48.555000,21.570000,41.450001,0
1523088840,21.369999,48.652500,21.570000,41.430000,0
1523088900,21.346666,48.139999,21.570000,41.430000,0
1523088960,21.270000,48.287498,21.549999,41.369999,0
1523089020,21.223333,48.504997,21.570000,41.349998,0
1523089080,21.209999,48.520000,21.570000,41.340000,0
1523089140,21.353333,48.520000,20.930000,41.259998,0
1523089200,21.312500,48.190002,20.910000,41.310001,0
1523089260,21.360001,48.392502,21.570000,41.279999,0
1523089320,21.285000,47.832500,20.930000,41.200001,1
1523089380,21.116667,47.767502,20.910000,41.160000,0
1523089440,21.075001,47.945000,20.910000,41.169998,0
1523089500,21.020000,48.099998,20.930000,41.160000,0
1523089560,21.055000,47.962502,20.930000,41.049999,0
1523089620,21.066666,48.180000,20.969999,41.029999,0
1523089680,21.017500,48.217499,20.910000,41.049999,0
1523089740,21.086666,47.872498,20.969999,40.990002,0
1523089800,21.105000,48.119999,20.969999,40.959999,0
1523089860,21.040001,48.002499,20.950001,40.970001,0
1523089920,21.090000,48.012501,21.000000,40.990002,0
1523089980,21.176666,47.395000,20.969999,40.910000,0
1523090040,21.260000,47.377502,20.950001,40.970001,0
1523090100,21.373333,48.095001,20.969999,40.930000,0
1523090160,21.435001,47.687500,21.000000,40.910000,0
1523090220,21.459999,47.590000,20.969999,41.349998,0
1523090280,21.529999,47.177498,21.020000,41.320000,0
1523090340,20.936666,47.114998,21.000000,41.349998,0
1523090400,21.017500,46.927502,21.000000,41.310001,0
1523090460,21.030001,46.834999,21.000000,41.220001,0
1523090520,21.059999,47.393333,21.020000,41.060001,0
1523090580,21.136667,47.290001,21.020000,41.080002,0
1523090640,21.192501,47.197502,21.000000,41.049999,0
1523090700,21.303333,47.415001,21.020000,41.000000,0
1523090760,21.400000,47.382500,21.020000,40.939999,0
1523090820,21.466667,47.634998,21.059999,40.820000,0
1523090880,21.530001,47.565002,21.040001,40.639999,0
1523090940,21.426666,47.483334,21.020000,40.740002,0
1523091000,21.582500,47.372498,20.969999,40.330002,0
1523091060,21.766666,47.417500,21.020000,40.150002,0
1523091120,21.616667,47.869999,20.950001,40.009998,1
1523091180,21.433332,47.579998,20.950001,40.099998,0
1523091240,21.455000,47.562500,20.930000,39.639999,0
1523091300,21.516666,46.942501,20.910000,39.549999,0
1523091360,21.692501,46.879997,20.930000,39.049999,0
1523091420,21.795000,46.562500,21.530001,39.119999,0
1523091480,21.863333,46.422501,21.549999,38.799999,0
1523091540,21.889999,46.110001,21.530001,38.619999,0
1523091600,21.973333,46.080002,21.490000,38.470001,0
1523091660,22.002501,46.064999,21.510000,38.730000,0
1523091720,21.856667,45.867500,21.469999,38.380001,0
1523091780,21.950001,45.924999,21.440001,38.439999,0
1523091840,21.923334,46.202499,21.440001,37.959999,0
1523091900,21.889999,46.139999,21.400000,37.549999,0
1523091960,21.733334,45.590000,21.420000,37.540001,0
1523092020,21.912500,36.919998,21.379999,37.110001,0
1523092080,22.006666,46.285000,21.360001,37.049999,0
1523092140,22.057499,45.584999,21.340000,36.529999,0
1523092200,22.033335,45.636665,21.360001,36.619999,0
1523092260,22.035000,45.522499,21.290001,36.250000,0
1523092320,22.046667,45.187500,21.320000,36.439999,0
1523092380,22.030001,45.510002,21.290001,36.099998,0
1523092440,21.930000,45.625000,21.250000,35.669998,0
1523092500,21.837500,46.400002,21.270000,35.740002,0
1523092560,21.836666,46.337502,21.270000,35.290001,0
1523092620,21.905001,46.154999,21.230000,35.369999,0
1523092680,21.959999,46.260002,21.209999,34.959999,0
1523092740,21.990000,46.227501,21.190001,34.610001,0
1523092800,21.980000,46.287498,21.170000,34.869999,0
1523092860,22.005001,46.320000,21.120001,34.580002,0
1523092920,21.796667,46.797501,21.150000,34.299999,1
1523092980,21.582500,46.992500,21.100000,34.470001,0
1523093040,21.543333,47.473331,21.100000,34.220001,0
1523093100,21.580000,43.302002,21.120001,33.919998,0
1523093160,21.576666,40.824997,21.100000,33.720001,0
1523093220,21.665001,39.785000,21.100000,34.009998,0
1523093280,21.706667,40.155998,21.120001,33.779999,0
1523093340,21.700001,40.337502,21.120001,33.610001,0
1523093400,21.646667,41.320000,21.120001,33.380001,0
1523093460,21.654999,41.347500,21.120001,33.200001,0
1523093520,21.653334,41.560001,21.150000,33.080002,0
1523093580,21.642500,41.310001,21.120001,33.450001,0
1523093640,21.660000,40.512501,21.150000,33.220001,0
1523093700,21.525000,41.002499,21.120001,33.080002,0
1523093760,21.496666,40.940002,21.120001,32.869999,0
1523093820,21.539999,40.892498,21.170000,32.900002,0
1523093880,21.420000,41.549999,21.150000,32.939999,0
1523093940,21.395000,41.660000,21.170000,32.910000,0
1523094000,21.459999,41.887501,21.190001,33.119999,0
1523094060,21.402500,41.862499,21.170000,33.400002,0
1523094120,21.323334,41.747501,21.170000,33.160000,0
1523094180,21.255001,41.084999,21.190001,33.450001,0
1523094240,21.196667,41.224998,21.190001,33.689999,0
1523094300,21.192499,41.086666,21.230000,33.869999,0
1523094360,21.103333,41.840000,21.230000,33.599998,0
1523094420,21.235001,41.592499,21.230000,33.779999,0
1523094480,21.340000,41.845001,21.290001,33.919998,0
1523094540,21.400000,42.025002,21.270000,34.090000,0
1523094600,21.400000,42.482498,21.290001,34.130001,0
1523094660,21.386667,42.582500,21.320000,34.240002,0
1523094720,21.366667,42.775002,21.320000,34.380001,1
1523094780,21.266666,42.930000,21.360001,34.099998,0
1523094840,21.190001,44.032501,21.320000,34.220001,0
1523094900,21.176666,43.942501,21.379999,34.270000,0
1523094960,21.180000,44.009998,21.379999,34.360001,0
1523095020,21.176666,43.102501,21.400000,34.349998,0
1523095080,21.142500,43.662498,21.420000,34.299999,0
1523095140,21.153334,43.997501,21.440001,34.299999,0
1523095200,21.224998,43.372501,21.469999,34.290001,0
1523095260,21.273333,42.744999,21.469999,34.290001,0
1523095320,21.310001,42.514999,21.530001,34.330002,0
1523095380,21.193333,43.529999,21.510000,34.299999,0
1523095440,21.060001,43.630001,21.490000,34.290001,0
1523095500,21.013334,43.672501,21.570000,34.290001,0
1523095560,21.035000,43.695000,21.570000,34.160000,0
1523095620,21.100000,43.512501,21.570000,34.119999,0
1523095680,21.122501,43.382500,20.930000,34.099998,0
1523095740,21.010000,43.834999,20.969999,34.060001,0
1523095800,21.030001,44.162502,20.950001,34.470001,0
1523095860,21.053333,44.196667,21.000000,34.389999,0
1523095920,21.020000,44.132500,21.000000,34.410000,0
1523095980,20.986666,43.376667,21.020000,34.439999,0
1523096040,20.975000,42.680000,21.059999,34.450001,0
1523096100,21.350000,43.555000,21.100000,34.450001,0
1523096160,21.549999,42.895000,21.080000,34.389999,0
1523096220,21.503334,43.919998,21.100000,34.450001,0
1523096280,21.525000,43.692497,21.120001,34.480000,0
1523096340,21.430000,43.195000,21.170000,34.439999,0
1523096400,21.405001,43.717499,21.170000,34.450001,0
1523096460,21.413334,42.572502,21.190001,34.439999,0
1523096520,21.445000,43.480000,21.209999,34.439999,0
1523096580,21.430000,43.872498,21.190001,34.380001,0
1523096640,21.360001,43.362499,21.230000,34.240002,0
1523096700,21.333334,42.882500,21.250000,34.090000,0
1523096760,21.340000,42.779999,21.250000,33.799999,0
1523096820,21.400000,43.264999,21.290001,33.599998,0
1523096880,21.379999,43.630001,21.270000,33.580002,0
1523096940,21.336666,43.625000,21.230000,33.950001,0
1523097000,21.310001,43.119999,21.290001,33.869999,0
1523097060,21.336668,42.700001,21.290001,33.860001,0
1523097120,21.340000,42.832500,21.270000,33.869999,1
1523097180,21.250000,44.035000,21.290001,33.720001,0
1523097240,21.172501,44.002502,21.320000,33.689999,0
1523097300,21.053333,43.337502,21.340000,33.580002,0
1523097360,21.040001,43.637501,21.340000,33.490002,0
1523097480,21.120001,44.167500,21.360001,33.480000,0
1523097540,21.090000,44.000000,21.320000,33.410000,0
1523097600,21.059999,43.995003,21.360001,33.450001,0
1523097660,21.135000,44.334999,21.360001,33.509998,0
1523097720,21.190001,43.462502,21.379999,33.450001,0
1523097780,21.280001,44.257500,21.360001,33.480000,0
1523097840,21.320000,44.235001,21.379999,33.490002,0
1523097900,21.290001,44.512501,21.400000,33.549999,0
1523097960,21.250000,44.320000,21.490000,33.570000,0
1523098020,21.240000,44.230000,21.490000,33.520000,0
1523098080,21.230000,43.796665,21.570000,33.509998,0
1523098140,21.080000,43.230003,21.530001,33.509998,0
1523098200,21.100000,43.597500,21.590000,33.450001,0
1523098260,21.059999,42.677498,21.639999,33.450001,0
1523098320,21.080000,42.745003,21.719999,33.380001,0
1523098380,21.150000,43.110001,21.719999,33.340000,0
1523098440,21.100000,42.697502,21.790001,33.290001,0
1523098500,21.040001,43.212502,21.850000,33.169998,0
1523098560,21.020000,43.292500,21.920000,33.080002,0
1523098620,21.059999,43.410000,21.959999,33.490002,0
1523098680,21.020000,43.580002,22.020000,33.400002,0
1523098740,21.000000,42.954998,22.040001,33.369999,0
1523098800,20.950001,42.487499,22.129999,33.340000,0
1523098860,20.910000,42.139999,22.150000,33.310001,0
1523098920,20.629999,41.807499,22.190001,33.230000,1
1523098980,20.570000,42.267502,22.209999,33.110001,0
1523099040,20.570000,42.042500,21.620001,33.049999,0
1523099100,20.590000,41.619999,21.639999,32.990002,0
1523099160,20.610001,41.715000,21.680000,32.959999,0
1523099220,20.629999,41.900002,21.790001,32.869999,0
1523099280,20.590000,42.132500,21.809999,32.799999,0
1523099340,20.629999,42.127502,21.830000,32.770000,0
1523099400,20.670000,41.817501,21.889999,32.790001,0
1523099460,20.700001,41.565002,21.920000,32.770000,0
1523099520,20.670000,42.072502,21.959999,32.700001,0
1523099580,20.610001,41.357498,22.020000,32.669998,0
1523099640,20.650000,41.087502,22.040001,32.639999,0
1523099700,20.720001,40.987503,22.059999,32.590000,0
1523099760,20.740000,41.257500,22.129999,33.060001,0
1523099820,20.650000,41.474998,22.129999,32.970001,0
1523099880,20.700001,41.279999,22.150000,32.939999,0
1523099940,20.650000,41.745003,22.240000,32.930000,0
1523100000,20.719999,41.680000,22.240000,32.930000,0
1523100060,20.834999,41.552498,22.320000,32.830002,0
1523100120,20.889999,42.029999,22.320000,32.849998,0
1523100180,21.020000,41.607498,22.340000,32.790001,0
1523100240,21.100000,41.755001,22.340000,32.790001,0
1523100300,21.209999,41.877502,22.389999,32.770000,0
1523100360,21.340000,41.619999,22.389999,32.790001,0
1523100420,21.420000,42.105000,22.430000,32.730000,0
1523100480,21.530001,41.689999,22.450001,32.770000,0
1523100540,20.910000,40.602501,22.510000,32.709999,0
1523100600,20.910000,40.334999,22.540001,32.709999,0
1523100660,20.975000,40.794998,22.540001,32.669998,0
1523100720,21.570000,41.022499,22.580000,32.650002,1
1523100780,21.540001,40.727501,22.620001,32.540001,0
1523100840,20.930000,40.630001,22.620001,32.560001,0
1523100900,20.950001,41.270000,22.639999,32.480000,0
1523100960,20.985001,41.900002,22.690001,32.470001,0
1523101020,21.080000,41.727501,22.709999,32.410000,0
1523101080,21.059999,41.772499,22.750000,32.410000,0
1523101140,21.059999,42.355000,22.750000,32.410000,0
1523101200,21.100000,41.875000,22.750000,32.380001,0
1523101260,21.120001,42.369999,22.770000,32.330002,0
1523101320,21.150000,42.590000,22.790001,32.360001,0
1523101380,21.170000,42.562500,22.809999,32.330002,0
1523101440,21.230000,42.702499,22.809999,32.360001,0
1523101500,21.209999,42.755001,22.809999,32.320000,0
1523101560,21.263334,42.667500,22.900000,32.299999,0
1523101620,21.340000,42.607498,22.860001,32.320000,0
1523101680,21.340000,42.992500,22.920000,32.299999,0
1523101740,21.320000,43.842499,22.900000,32.320000,0
1523101800,21.250000,43.347500,22.940001,32.290001,0
1523101860,21.203333,42.849998,22.940001,32.299999,0
1523101920,21.190001,43.380001,22.299999,32.290001,0
1523101980,21.209999,43.136669,22.280001,32.250000,0
1523102040,21.290001,43.372498,22.299999,32.290001,0
1523102100,21.320000,43.397499,22.320000,32.290001,0
1523102160,21.369999,43.362499,22.320000,32.320000,0
1523102220,21.379999,43.439999,22.360001,32.299999,0
1523102280,21.379999,43.434998,22.320000,32.290001,0
1523102340,21.360001,43.325001,22.389999,32.360001,0
1523102400,21.320000,43.602501,22.389999,32.419998,0
1523102460,21.379999,43.369999,22.360001,32.439999,0
1523102520,21.469999,43.427498,22.430000,32.500000,1
1523102580,21.379999,43.317497,22.430000,32.529999,0
1523102640,21.305000,43.437500,22.450001,32.590000,0
1523102700,21.290001,42.959999,22.430000,32.619999,0
1523102760,21.270000,42.840000,22.450001,32.730000,0
1523102820,21.290001,43.205002,22.490000,32.799999,0
1523102880,21.290001,43.192501,22.450001,32.869999,0
1523102940,21.379999,43.315002,22.490000,32.959999,0
1523103000,21.400000,43.195000,22.510000,32.930000,0
1523103060,21.379999,43.297501,22.490000,32.990002,0
1523103120,21.420000,43.392502,22.490000,33.000000,0
1523103180,21.369999,43.362499,22.540001,33.060001,0
1523103240,21.344999,43.657501,22.540001,32.590000,0
1523103300,21.293333,43.520000,22.559999,32.619999,0
1523103360,21.275002,43.775002,22.580000,32.669998,0
1523103420,21.243334,43.614998,22.540001,32.730000,0
1523103480,21.190001,43.792500,22.620001,32.770000,0
1523103540,21.163334,43.947498,22.600000,32.770000,0
1523103600,21.170000,44.203335,22.600000,32.799999,0
1523103660,21.156666,43.837502,22.639999,32.830002,0
1523103720,21.080000,44.137501,22.639999,32.849998,0
1523103780,21.080000,44.555000,22.660000,32.910000,0
1523103840,21.046667,44.415001,22.660000,32.910000,0
1523103900,21.010000,44.057499,22.709999,32.910000,0
1523103960,20.985001,44.087502,22.690001,32.970001,0
1523104020,20.969999,44.237499,22.709999,32.990002,0
1523104080,21.040001,44.017502,22.730000,32.970001,0
1523104140,21.059999,44.107498,22.750000,32.990002,0
1523104200,21.059999,43.445000,22.750000,33.020000,0
1523104260,21.060001,42.445000,22.730000,32.990002,0
1523104320,21.020000,41.877499,22.750000,32.930000,1
1523104380,20.969999,42.262501,22.730000,32.830002,0
1523104440,21.000000,42.275002,22.750000,32.680000,0
1523104500,21.000000,42.012501,22.709999,32.639999,0
1523104560,21.040001,42.452499,22.639999,32.590000,0
1523104620,21.020000,42.562500,22.639999,32.619999,0
1523104680,21.100000,42.217499,22.620001,32.610001,0
1523104740,21.080000,41.000000,22.620001,33.060001,0
1523104800,21.100000,41.656670,22.600000,32.990002,0
1523104860,21.059999,41.632500,22.580000,32.900002,0
1523104920,21.059999,42.000000,22.620001,32.869999,0
1523104980,21.049999,41.614998,22.540001,32.759998,0
1523105040,21.040001,41.465000,22.559999,32.709999,0
1523105100,21.020000,41.662498,22.559999,32.619999,0
1523105160,20.969999,41.855000,22.559999,32.529999,0
1523105220,20.969999,41.477501,22.559999,32.380001,0
1523105280,20.930000,41.300003,22.540001,32.290001,0
1523105340,21.540001,41.639999,22.580000,32.180000,0
1523105400,21.510000,41.599998,22.559999,32.540001,0
1523105460,21.440001,41.907501,22.580000,32.439999,0
1523105520,21.430000,42.127499,22.540001,32.380001,0
1523105580,21.430000,42.302498,22.559999,32.270000,0
1523105640,21.440001,41.935001,22.580000,32.220001,0
1523105700,21.469999,42.400002,22.580000,32.150002,0
1523105760,21.440001,42.459999,22.559999,32.119999,0
1523105820,21.420000,42.355003,22.600000,32.060001,0
1523105880,21.420000,42.415001,22.580000,31.980000,0
1523105940,21.380001,43.067501,22.639999,31.980000,0
1523106000,21.400000,43.092499,22.620001,31.930000,0
1523106120,21.360001,43.017502,22.639999,31.930000,1
1523106180,21.280001,42.995003,22.620001,31.860001,1
1523106240,21.320000,43.307499,22.639999,31.860001,0
1523106300,21.400000,43.512501,22.660000,31.840000,0
1523106360,21.510000,43.512501,22.660000,31.770000,0
1523106420,21.549999,43.630001,22.660000,31.770000,0
1523106480,20.950001,43.674999,22.639999,31.750000,0
1523106540,21.059999,43.577499,22.660000,31.740000,0
1523106600,21.150000,44.070000,22.690001,31.750000,0
1523106660,21.285000,43.877502,22.690001,31.700001,0
1523106720,21.340000,44.570000,22.730000,31.670000,0
1523106780,21.440001,44.480000,22.709999,31.660000,0
1523106840,21.510000,44.369999,22.709999,31.639999,0
1523106900,21.620001,44.617500,22.730000,31.660000,0
1523106960,21.744999,44.707500,22.750000,31.639999,0
1523107020,21.830000,44.864998,22.730000,31.629999,0
1523107080,21.770000,44.717499,22.730000,32.060001,0
1523107140,21.809999,45.062500,22.770000,32.090000,0
1523107200,21.850000,44.927502,22.809999,31.610001,0
1523107260,21.920000,45.237499,22.770000,32.090000,0
1523107320,21.940001,45.500000,22.750000,32.090000,0
1523107380,21.959999,44.827499,22.770000,32.090000,0
1523107440,21.980000,44.205002,22.750000,32.060001,0
1523107500,21.959999,44.150002,22.750000,32.060001,0
1523107560,22.010000,44.012501,22.809999,32.070000,0
1523107620,21.920000,44.632500,22.790001,32.070000,0
1523107680,21.850000,44.899998,22.809999,32.090000,0
1523107740,21.870001,45.105000,22.809999,32.090000,0
1523107800,21.775000,45.014999,22.860001,31.610001,0
1523107860,21.770000,45.255001,22.830000,31.629999,0
1523107920,21.639999,45.025002,22.860001,31.629999,1
1523107980,21.570000,46.020000,22.879999,32.070000,0
1523108040,21.680000,45.437500,22.879999,32.090000,0
1523108100,21.719999,45.612499,22.879999,31.660000,0
1523108160,21.744999,46.377502,22.879999,31.629999,0
1523108220,21.700001,45.882500,22.900000,31.670000,0
1523108280,21.709999,45.349998,22.900000,32.090000,0
1523108340,21.730000,45.299999,22.900000,31.660000,0
1523108400,21.650002,45.445000,22.900000,31.639999,0
1523108460,21.570000,45.247501,22.900000,31.670000,0
1523108520,21.510000,45.075001,22.879999,31.690001,0
1523108580,21.440001,45.417500,22.940001,31.690001,0
1523108640,21.549999,45.202499,22.920000,31.690001,0
1523108700,21.639999,45.092499,22.920000,31.670000,0
1523108760,21.670000,45.185001,22.920000,31.639999,0
1523108820,21.680000,44.580002,22.959999,31.700001,0
1523108880,21.653334,44.185001,22.940001,31.719999,0
1523108940,21.639999,44.925003,22.980000,31.740000,0
1523109000,21.689999,45.674999,22.980000,31.740000,0
1523109060,21.706667,44.834999,22.980000,31.770000,0
1523109120,21.709999,45.132500,22.959999,31.750000,0
1523109180,21.740000,44.762501,22.980000,31.780001,0
1523109240,21.740000,44.747501,22.980000,31.780001,0
1523109300,21.680000,44.712502,23.010000,31.809999,0
1523109360,21.680000,44.974998,22.980000,31.830000,0
1523109420,21.639999,45.840000,22.940001,31.870001,0
1523109480,21.639999,45.297501,23.010000,31.889999,0
1523109540,21.680000,46.092499,23.010000,31.870001,0
1523109600,21.680000,45.967499,23.010000,31.900000,0
1523109660,21.639999,45.709999,23.010000,31.900000,0
1523109720,21.250000,46.070000,23.010000,31.900000,1
1523109780,21.240000,46.367500,23.030001,31.920000,0
1523109840,21.260000,45.915001,22.980000,31.900000,0
1523109900,21.290001,46.152500,23.030001,31.930000,0
1523109960,21.283335,46.230000,23.030001,31.930000,0
1523110020,21.290001,45.922501,23.030001,31.950001,0
1523110080,21.305000,45.520000,23.070000,31.959999,0
1523110140,21.283335,45.165001,23.049999,31.980000,0
1523110200,21.283335,45.205002,23.090000,31.959999,0
1523110260,21.309999,44.430000,23.010000,32.000000,0
1523110320,21.270000,43.872501,23.049999,32.000000,0
1523110380,21.190001,43.512501,23.090000,31.980000,0
1523110440,21.230000,43.415001,23.049999,32.009998,0
1523110500,21.209999,43.322498,23.090000,32.009998,0
1523110560,21.230000,43.204998,23.070000,32.009998,0
1523110620,21.190001,42.712502,23.090000,32.009998,0
1523110680,21.160000,42.352501,23.030001,32.040001,0
1523110740,21.160000,42.602501,23.030001,32.040001,0
1523110800,21.120001,42.866665,23.049999,32.009998,0
1523110860,21.100000,42.312500,23.010000,32.060001,0
1523110920,21.070000,42.947502,23.010000,32.099998,0
1523110980,21.049999,42.517498,22.959999,32.119999,0
1523111040,21.040001,43.020000,22.980000,32.099998,0
1523111100,20.996666,43.372501,22.959999,32.150002,0
1523111160,20.950001,42.837502,22.959999,32.060001,0
1523111220,20.930000,42.837502,22.920000,32.000000,0
1523111280,20.910000,42.887501,22.920000,31.900000,0
1523111340,21.356667,43.437500,22.940001,31.830000,0
1523111400,21.510000,43.877502,22.920000,31.750000,0
1523111460,21.445000,43.814999,22.959999,31.670000,0
1523111520,21.305000,43.967499,22.940001,32.070000,1
1523111580,21.320000,43.869999,22.959999,32.060001,0
1523111640,21.290001,44.297501,22.940001,31.980000,0
1523111700,21.290001,44.132500,22.920000,31.980000,0
1523111760,21.270000,44.887501,22.940001,31.980000,0
1523111820,21.250000,44.474998,22.959999,31.950001,0
1523111880,21.230000,45.020000,22.940001,31.889999,0
1523111940,21.180000,44.735001,22.940001,31.900000,0
1523112000,21.150000,44.467499,22.920000,31.900000,0
1523112060,21.170000,44.945000,22.920000,31.860001,0
1523112120,21.120001,45.639999,22.940001,31.860001,0
1523112180,21.110001,45.812500,22.940001,31.870001,0
1523112240,21.120001,45.875000,22.940001,31.900000,0
1523112300,21.090000,45.595001,22.900000,31.860001,0
1523112360,21.100000,46.130001,22.940001,31.870001,0
1523112420,21.049999,46.299999,22.959999,31.889999,0
1523112480,21.040001,46.364998,22.900000,31.889999,0
1523112540,21.040001,46.337502,22.940001,31.920000,0
1523112600,21.000000,45.997501,22.900000,31.930000,0
1523112660,21.010000,46.377499,22.920000,31.900000,0
1523112720,20.950001,46.277500,22.900000,31.889999,0
1523112780,20.980000,46.626667,22.920000,31.930000,0
1523112840,21.000000,46.533333,22.900000,31.920000,0
1523112900,21.049999,46.402500,22.879999,31.980000,0
1523112960,21.020000,46.647499,22.900000,31.950001,0
1523113020,21.020000,46.662498,22.879999,32.000000,0
1523113080,20.985001,46.677498,22.879999,31.980000,0
1523113140,20.910000,46.070000,22.879999,32.009998,0
1523113200,20.910000,46.952499,22.879999,32.040001,0
1523113260,20.869999,46.599998,22.860001,32.029999,0
1523113320,20.790001,47.147499,22.879999,32.060001,1
1523113380,20.805000,46.940002,22.879999,32.060001,0
1523113440,20.786667,46.937500,22.900000,31.610001,0
1523113500,20.760000,46.980000,22.879999,31.670000,0
1523113560,20.733334,46.637501,22.860001,31.700001,0
1523113620,20.740000,47.055000,22.860001,31.770000,0
1523113680,20.735001,46.880001,22.879999,31.750000,0
1523113740,20.700001,46.919998,22.920000,31.860001,0
1523113800,20.700001,47.169998,22.900000,31.830000,0
1523113860,20.650000,46.610001,22.860001,31.870001,0
1523113920,20.670000,45.764999,22.879999,31.889999,0
1523113980,20.670000,45.562500,22.879999,31.930000,0
1523114040,20.636665,45.965000,22.900000,31.980000,0
1523114100,20.650000,46.202499,22.879999,32.000000,0
1523114160,20.650000,46.507500,22.920000,32.029999,0
1523114220,20.610001,46.542500,22.920000,32.099998,0
1523114280,20.603334,46.720001,22.900000,32.119999,0
1523114340,20.570000,46.669998,22.920000,32.180000,0
1523114400,20.570000,47.514999,22.920000,32.220001,0
1523114460,20.545000,47.986668,22.900000,32.240002,0
1523114520,20.535000,46.722500,22.900000,32.270000,0
1523114580,20.549999,47.025002,22.920000,32.299999,0
1523114640,20.535000,47.864998,22.920000,32.290001,0
1523114700,20.510000,47.687500,22.920000,32.330002,0
1523114760,20.480000,46.860001,22.920000,32.389999,0
1523114820,20.450001,47.602501,22.940001,32.439999,0
1523114880,20.474998,46.532501,22.920000,32.419998,0
1523114940,20.420000,46.982498,22.920000,32.450001,0
1523115000,20.413334,47.127499,22.940001,32.500000,0
1523115060,20.330000,46.167500,22.959999,32.470001,0
1523115120,20.310001,47.367500,22.959999,32.509998,1
1523115180,20.290001,47.472500,22.920000,32.560001,0
1523115240,20.290001,47.005001,23.010000,32.580002,0
1523115300,20.250000,47.272499,22.980000,32.119999,0
1523115360,20.230000,47.617500,22.959999,32.099998,0
1523115420,20.230000,47.705002,22.959999,32.150002,0
1523115480,20.240000,47.490002,22.959999,32.189999,0
1523115540,20.230000,47.662498,22.959999,32.160000,0
1523115600,20.250000,47.059998,22.959999,32.209999,0
1523115660,20.240000,47.570000,22.980000,32.240002,0
1523115720,20.570000,47.185001,22.980000,32.270000,0
1523115780,20.230000,47.472500,23.010000,32.290001,0
1523115840,20.889999,47.587502,22.959999,32.299999,0
1523115900,20.230000,47.547501,22.959999,32.299999,0
1523115960,20.230000,47.722500,23.010000,32.299999,0
1523116020,20.270000,47.207500,23.030001,32.360001,0
1523116080,20.559999,47.020000,23.010000,32.360001,0
1523116140,20.230000,47.450001,22.980000,32.349998,0
1523116200,20.230000,47.855000,23.010000,32.389999,0
1523116260,20.889999,47.793335,23.010000,32.410000,0
1523116320,20.870001,47.686665,23.030001,32.450001,0
1523116380,20.889999,47.995003,23.010000,32.480000,0
1523116440,20.870001,48.189999,23.010000,32.470001,0
1523116500,20.889999,47.992500,23.010000,32.500000,0
1523116560,20.230000,48.175003,23.030001,32.540001,0
1523116620,20.870001,48.672501,23.049999,32.560001,0
1523116680,20.850000,48.505001,23.049999,32.590000,0
1523116740,20.845001,48.985001,23.030001,32.580002,0
1523116800,20.850000,49.277500,23.070000,32.580002,0
1523116860,20.799999,48.977501,23.070000,32.590000,0
1523116920,20.630001,49.852501,23.049999,32.639999,1
1523116980,20.670000,49.767502,23.030001,32.669998,0
1523117040,20.670000,50.227501,23.030001,32.709999,0
1523117100,20.650000,50.590000,23.049999,32.700001,0
1523117160,20.650000,50.000000,23.030001,32.740002,0
1523117220,20.610001,49.862499,23.030001,32.790001,0
1523117280,20.619999,49.739998,23.010000,32.799999,0
1523117340,20.596666,49.702499,23.010000,32.770000,0
1523117400,20.610001,50.389999,22.980000,32.820000,0
1523117460,20.610001,49.527500,22.980000,32.830002,0
1523117520,20.610001,49.799999,22.980000,32.770000,0
1523117580,20.600000,49.849998,22.959999,32.740002,0
1523117640,20.590000,50.032501,22.959999,32.700001,0
1523117700,20.570000,49.892502,22.940001,32.619999,0
1523117760,20.590000,49.447502,22.940001,32.580002,0
1523117820,20.570000,48.897499,22.959999,32.500000,0
1523117880,20.549999,49.577499,22.959999,32.470001,0
1523117940,20.526667,49.582500,22.920000,32.410000,0
1523118000,20.549999,49.555000,22.940001,32.349998,0
1523118060,20.520000,49.400002,22.920000,32.360001,0
1523118120,20.500000,48.855000,22.980000,32.330002,0
1523118180,20.480000,49.777500,22.959999,32.299999,0
1523118240,20.469999,49.497498,22.959999,32.299999,0
1523118300,20.480000,49.580002,22.940001,32.240002,0
1523118360,20.459999,49.262501,22.980000,32.270000,0
1523118420,20.440001,49.974998,22.959999,32.270000,0
1523118480,20.440001,49.720001,22.959999,32.270000,0
1523118540,20.469999,48.995003,22.940001,32.240002,0
1523118600,20.440001,49.507500,22.980000,32.240002,0
1523118660,20.420000,49.782501,22.980000,32.240002,0
1523118720,20.400000,48.610001,22.980000,32.270000,1
1523118780,20.370001,49.317497,22.980000,32.240002,0
1523118840,20.350000,49.619999,22.980000,32.270000,0
1523118900,20.350000,49.300003,22.959999,32.270000,0
1523118960,20.290001,48.277500,23.010000,32.270000,0
1523119020,20.299999,49.099998,22.959999,32.290001,0
1523119080,20.309999,49.809998,22.980000,32.299999,0
1523119140,20.290001,50.455002,23.030001,32.320000,0
1523119200,20.270000,50.570000,22.980000,32.349998,0
1523119260,20.250000,51.375000,22.959999,32.349998,0
1523119320,20.280001,51.785000,22.980000,32.360001,0
1523119380,20.270000,51.709999,23.010000,32.380001,0
1523119440,20.270000,51.757500,22.980000,32.360001,0
1523119500,20.290001,51.480000,23.010000,32.410000,0
1523119560,20.290001,51.852501,23.030001,32.360001,0
1523119620,20.309999,51.869999,23.010000,32.410000,0
1523119680,20.330000,52.105000,23.010000,32.349998,0
1523119740,20.430000,50.923332,23.010000,32.389999,0
1523119800,20.440001,51.840000,23.010000,32.360001,0
1523119860,20.480000,52.195000,22.980000,32.389999,0
1523119920,20.570000,52.047501,22.980000,32.380001,0
1523119980,20.665001,52.382500,23.030001,32.410000,0
1523120040,20.770000,51.812500,23.010000,32.389999,0
1523120100,20.656668,51.785000,23.030001,32.419998,0
1523120160,20.570000,51.607498,23.049999,32.439999,0
1523120220,20.309999,51.647499,23.010000,32.450001,0
1523120280,20.405001,52.255001,23.049999,32.450001,0
1523120340,20.520000,52.487499,23.030001,32.470001,0
1523120400,20.570000,52.590000,23.010000,32.480000,0
1523120460,20.610001,52.919998,22.980000,32.509998,0
1523120520,20.400000,52.662498,23.010000,32.529999,1
1523120580,20.230000,52.432499,23.010000,32.509998,0
1523120640,20.384998,52.419998,22.980000,32.540001,0
1523120700,20.559999,52.647499,23.010000,32.540001,0
1523120760,20.653334,52.617500,22.959999,32.590000,0
1523120820,20.793333,52.937500,22.980000,32.580002,0
1523120880,20.930000,52.535000,22.959999,32.590000,0
1523120940,21.023333,52.739998,22.980000,32.560001,0
1523121000,21.122501,52.907501,22.980000,32.540001,0
1523121060,21.263334,52.777500,22.959999,32.619999,0
1523121120,21.352501,53.217499,22.959999,32.610001,0
1523121180,21.459999,53.057499,22.959999,32.650002,0
1523121240,21.437500,53.309998,22.959999,32.639999,0
1523121300,21.440001,53.135002,22.940001,32.590000,0
1523121360,21.465000,53.352501,22.959999,32.639999,0
1523121420,21.536667,53.457500,22.940001,32.639999,0
1523121480,21.395000,53.660000,22.959999,32.650002,0
1523121540,20.930000,53.597500,22.980000,32.669998,0
1523121600,20.959999,54.200001,22.959999,32.650002,0
1523121660,20.994999,54.047501,22.959999,32.680000,0
1523121720,21.025000,53.759998,22.959999,32.700001,0
1523121780,21.033333,53.657501,22.959999,32.709999,0
1523121840,21.073334,53.407501,22.940001,32.730000,0
1523121900,21.100000,53.797501,22.959999,32.740002,0
1523121960,21.070000,53.897499,22.959999,32.790001,0
1523122020,21.183332,53.605000,22.980000,32.759998,0
1523122080,21.295000,53.724998,22.940001,32.740002,0
1523122140,21.346666,53.427498,22.940001,32.790001,0
1523122200,21.427500,53.497498,22.959999,32.830002,0
1523122260,21.443333,53.282501,22.980000,32.849998,0
1523122320,21.280001,53.016666,22.959999,32.880001,1
1523122380,21.436666,53.212502,22.959999,32.939999,0
1523122440,20.975000,52.665001,22.980000,32.970001,0
1523122500,21.154999,53.709999,22.940001,33.000000,0
1523122560,21.286667,53.680000,22.959999,33.029999,0
1523122620,21.293333,53.424999,22.920000,33.020000,0
1523122680,21.270000,53.097500,22.980000,32.610001,0
1523122740,21.243334,52.690002,22.959999,32.650002,0
1523122800,21.224998,52.232502,22.980000,32.730000,0
1523122860,21.209999,52.157501,22.959999,32.770000,0
1523122920,21.185001,51.674999,22.959999,32.820000,0
1523122980,21.123333,50.910000,22.940001,32.869999,0
1523123040,21.110001,51.665001,22.959999,32.910000,0
1523123100,21.086666,51.907501,22.959999,32.990002,0
1523123160,21.045000,51.790001,22.959999,33.049999,0
1523123220,21.033333,52.230000,23.010000,33.110001,0
1523123280,21.014999,51.867500,22.940001,33.200001,0
1523123340,20.980000,51.980000,22.959999,33.290001,0
1523123400,21.150000,52.313332,22.920000,33.320000,0
1523123460,21.075001,52.482498,22.920000,33.250000,0
1523123520,21.136667,52.040001,22.900000,33.110001,0
1523123580,21.559999,51.535000,22.900000,33.049999,0
1523123640,21.549999,51.614998,22.860001,33.000000,0
1523123700,20.950001,51.809998,22.830000,33.000000,0
1523123760,20.969999,51.002502,22.830000,32.970001,0
1523123820,21.230000,50.330002,22.860001,32.970001,0
1523123880,21.440001,49.747501,22.770000,33.169998,0
1523123940,21.420000,49.985001,22.730000,33.139999,0
1523124000,21.369999,50.332500,22.730000,33.220001,0
1523124060,21.305000,49.799999,22.730000,33.290001,0
1523124240,20.440001,49.442497,22.750000,33.380001,0
1523124300,20.486666,49.855000,22.730000,33.410000,0
1523124360,20.549999,49.547501,22.709999,33.090000,0
1523124420,20.639999,50.583332,22.730000,33.189999,0
1523124480,20.670000,51.930000,22.690001,33.310001,0
1523124540,20.636665,52.285000,22.690001,33.400002,0
1523124600,20.650000,52.330002,22.690001,33.480000,0
1523124660,20.629999,52.330002,22.730000,33.599998,0
1523124720,20.629999,52.532501,22.709999,33.660000,0
1523124780,20.629999,51.772499,22.770000,33.700001,0
1523124840,20.629999,52.090000,22.709999,33.810001,0
1523124900,20.695000,51.877499,22.730000,33.869999,0
1523124960,20.670000,52.115002,22.750000,33.950001,0
1523125020,20.639999,52.007500,22.730000,34.009998,0
1523125080,20.580000,51.572502,22.709999,33.570000,0
1523125140,20.545000,51.922501,22.750000,33.639999,0
1523125200,20.500000,51.443333,22.730000,33.669998,0
1523125260,20.500000,51.393333,22.730000,33.750000,0
1523125320,20.480000,50.910000,22.730000,33.810001,0
1523125380,20.459999,50.827499,22.730000,33.810001,0
1523125440,20.430000,48.987499,22.709999,33.889999,0
1523125500,20.420000,48.535000,22.770000,33.889999,0
1523125560,20.400000,49.432503,22.730000,33.900002,0
1523125620,20.350000,49.442501,22.750000,33.950001,0
1523125680,20.309999,50.137501,22.770000,33.919998,0
1523125740,20.270000,49.757500,22.750000,34.029999,0
1523125800,20.250000,49.507500,22.770000,34.009998,0
1523125860,20.236666,48.842499,22.809999,34.029999,0
1523126040,20.330000,49.322502,22.790001,34.029999,0
1523126100,20.396667,49.032501,22.770000,34.099998,0
1523126160,20.469999,49.165001,22.790001,34.130001,0
1523126220,20.469999,49.012501,22.809999,34.130001,0
1523126280,20.500000,49.365002,22.790001,34.150002,0
1523126340,20.466665,49.117500,22.790001,34.189999,0
1523126400,20.466665,49.122501,22.790001,34.220001,0
1523126460,20.430000,48.187500,22.790001,34.220001,0
1523126520,20.406666,47.627502,22.770000,34.209999,0
1523126580,20.400000,48.677498,22.790001,34.250000,0
1523126640,20.357500,48.389999,22.830000,34.290001,0
1523126700,20.316666,48.057499,22.830000,34.270000,0
1523126760,20.283333,48.379997,22.809999,34.290001,0
1523126820,20.270000,48.175003,22.860001,34.320000,0
1523126880,20.299999,48.282501,22.830000,34.419998,0
1523126940,20.385000,48.575001,22.830000,34.380001,0
1523127000,20.500000,48.773335,22.860001,34.410000,0
1523127060,20.570000,48.029999,22.809999,34.360001,0
1523127120,20.525000,47.250000,22.830000,34.389999,0
1523127180,20.653334,46.792500,22.830000,34.450001,0
1523127240,20.695000,45.700001,22.860001,34.450001,0
1523127300,20.799999,44.907501,22.860001,34.529999,0
1523127360,20.570000,44.727501,22.830000,34.060001,0
1523127420,20.400000,44.532501,22.830000,34.509998,0
1523127480,20.466667,43.705002,22.879999,34.090000,0
1523127540,20.535000,43.272499,22.830000,34.099998,0
1523127600,20.760000,44.160000,22.879999,34.090000,0
1523127660,20.480000,42.869999,22.830000,34.099998,0
1523127720,20.850000,42.685001,22.809999,34.099998,1
1523127780,20.570000,43.114998,22.860001,34.099998,0
1523127840,20.310001,42.665001,22.830000,34.099998,0
1523127900,20.629999,42.250000,22.830000,34.099998,0
1523127960,20.893333,43.165001,22.809999,34.150002,0
1523128020,21.040001,43.735001,22.860001,34.160000,0
1523128080,21.250000,42.117500,22.830000,34.180000,0
1523128140,21.340000,42.625000,22.809999,34.160000,0
1523128200,21.480000,42.367500,22.830000,34.189999,0
1523128260,21.200001,43.347500,22.790001,34.160000,0
1523128320,21.005001,43.764999,22.809999,34.160000,0
1523128380,21.150000,44.832500,22.809999,34.180000,0
1523128440,21.160000,44.367500,22.830000,34.180000,0
1523128500,21.196667,43.564999,22.830000,34.220001,0
1523128560,21.219999,43.672501,22.830000,34.189999,0
1523128620,21.170000,44.150002,22.830000,34.180000,0
1523128680,21.136667,45.310001,22.830000,34.240002,0
1523128920,21.170000,44.782501,22.809999,34.240002,0
1523128980,21.150000,45.735001,22.860001,34.290001,0
1523129040,21.183334,45.642502,22.830000,34.270000,0
1523129100,21.120001,45.993332,22.860001,34.320000,0
1523129160,21.120001,45.889999,22.860001,34.330002,0
1523129220,21.080000,46.352501,22.790001,34.360001,0
1523129280,21.127501,46.470001,22.879999,34.360001,0
1523129340,21.120001,46.570000,22.900000,34.360001,0
1523129400,20.975000,47.017502,22.879999,34.389999,0
1523129640,20.549999,46.852501,22.879999,34.389999,1
1523129700,20.049999,47.557499,22.879999,34.360001,0
1523129760,20.244999,47.445000,22.830000,34.349998,0
1523129820,20.529999,48.309998,22.860001,34.360001,0
1523129880,20.719999,47.737499,22.830000,34.389999,0
1523129940,20.845001,47.952499,22.830000,34.410000,0
1523130000,20.889999,48.187500,22.830000,34.410000,0
1523130060,20.469999,48.985001,22.809999,34.410000,0
1523130120,20.280001,48.912498,22.809999,34.439999,0
1523130180,20.290001,48.052498,22.790001,34.389999,0
1523130240,20.290001,48.912498,22.790001,34.470001,0
1523130300,20.299999,49.345001,22.830000,34.450001,0
1523130360,20.330000,49.204998,22.770000,34.380001,0
1523130420,20.323334,49.400002,22.750000,34.410000,0
1523130480,20.280001,49.369999,22.770000,34.349998,0
1523130540,20.260000,49.942497,22.770000,34.240002,0
1523130600,20.230000,49.612499,22.770000,34.189999,0
1523130660,20.670000,49.707500,22.770000,34.150002,0
1523130720,20.820000,50.750000,22.790001,34.480000,0
1523130780,20.799999,50.610001,22.770000,34.509998,0
1523130840,20.790001,50.387501,22.770000,34.450001,0
1523130900,20.744999,50.720001,22.790001,34.380001,0
1523130960,20.730000,50.529999,22.770000,34.360001,0
1523131020,20.670000,51.052498,22.750000,34.380001,0
1523131080,20.650000,51.177498,22.790001,34.330002,0
1523131140,20.639999,51.165001,22.790001,34.380001,0
1523131200,20.596666,50.777500,22.790001,34.330002,0
1523131260,20.600000,50.829998,22.790001,34.330002,0
1523131320,20.580000,51.220001,22.790001,34.299999,0
1523131380,20.580000,51.197502,22.770000,34.290001,0
1523131440,20.530001,51.115002,22.790001,34.299999,0
1523131500,20.513334,51.287498,22.770000,34.270000,0
1523131560,20.430000,51.352501,22.790001,34.290001,0
1523131620,20.309999,51.509998,22.770000,34.220001,1
1523131740,20.080000,51.392502,22.770000,34.270000,0
1523131800,20.120001,51.467499,22.770000,34.320000,0
1523131860,20.130001,51.744999,22.770000,34.270000,0
1523131920,20.139999,52.032501,22.790001,34.349998,0
1523131980,20.139999,51.692497,22.770000,34.320000,0
1523132040,20.139999,51.510002,22.830000,34.299999,0
1523132100,20.160000,51.869999,22.770000,34.299999,0
1523132160,20.146666,51.689999,22.830000,34.299999,0
1523132280,20.100000,51.877502,22.809999,34.299999,0
1523132340,20.100000,51.345001,22.830000,34.320000,0
1523132400,20.090000,51.622498,22.860001,34.330002,0
1523132460,20.064999,51.967499,22.879999,34.330002,0
1523132520,20.080000,51.737499,22.860001,34.330002,0
1523132580,20.090000,52.375000,22.879999,34.330002,0
1523132640,20.080000,52.462502,22.879999,34.320000,0
1523132700,20.090000,52.154999,22.860001,34.299999,0
1523132820,20.010000,52.165001,22.879999,34.330002,0
1523133120,19.860001,51.169998,22.830000,34.349998,1
1523133240,20.100000,50.260002,22.860001,34.360001,0
1523133360,19.969999,50.950001,22.879999,34.330002,0
1523133420,19.950001,51.332500,22.879999,34.299999,0
1523133600,20.010000,51.397499,22.879999,34.360001,0
1523133660,20.000000,51.312500,22.879999,34.330002,0
1523133720,19.990000,51.652500,22.900000,34.349998,0
1523133780,19.950001,51.864998,22.940001,34.360001,0
1523133840,19.980000,51.049999,22.900000,34.360001,0
1523133900,19.950001,51.259998,22.940001,34.320000,0
1523133960,19.950001,51.170002,22.959999,34.330002,0
1523134020,19.940001,50.980000,22.980000,34.349998,0
1523134080,19.930000,49.812500,23.010000,34.349998,0
1523134140,19.915001,50.362503,22.980000,34.330002,0
1523134260,19.900000,50.367500,22.959999,34.299999,0
1523134380,19.834999,51.027500,23.010000,34.320000,0
1523134440,19.850000,51.654999,23.070000,34.320000,0
1523134500,19.833334,51.947498,23.070000,34.360001,0
1523134560,19.860001,51.830002,23.110001,34.410000,0
1523134620,19.879999,52.845001,23.110001,34.419998,0
1523134920,19.870001,50.169998,23.180000,34.439999,0
1523134980,19.653334,45.209999,23.180000,34.439999,1
1523135040,19.570000,41.517502,23.200001,34.380001,0
1523135460,20.200001,47.810001,23.200001,34.389999,0
1523135520,20.225000,44.629997,23.219999,34.380001,0
1523135580,20.330000,44.636665,23.219999,34.349998,0
1523135640,20.520000,41.470001,23.260000,34.389999,0
1523135700,20.583334,53.744999,23.280001,34.389999,0
1523135760,20.623333,50.315002,23.330000,34.389999,0
1523135820,20.770000,47.145000,23.330000,34.360001,0
1523135880,20.889999,46.239998,23.350000,34.360001,0
1523136000,19.209999,46.110001,23.370001,34.349998,0
1523136060,19.145000,45.690002,23.410000,34.299999,0
1523136120,19.030001,46.480000,23.459999,34.320000,0
1523136180,18.889999,46.295002,23.410000,34.320000,0
1523136240,19.135000,46.465000,23.459999,34.299999,0
1523136360,19.309999,46.130001,23.480000,34.290001,0
1523136420,19.283333,46.187500,23.500000,34.299999,0
1523136480,19.750000,45.912498,23.580000,34.220001,0
1523136540,19.872499,46.189999,23.600000,34.220001,0
1523136600,19.895000,46.062500,22.959999,34.209999,0
1523136660,20.190001,46.322502,23.010000,34.180000,0
1523136720,20.270000,45.782501,23.030001,34.189999,0
1523136780,20.400000,45.792500,23.049999,34.180000,0
1523136900,20.549999,46.195000,23.110001,34.130001,0
1523137080,20.610001,46.065002,23.110001,34.130001,0
1523137140,20.700001,46.047501,23.160000,34.090000,0
1523137200,20.740000,46.022499,23.180000,34.119999,0
1523137260,20.780001,46.305000,23.240000,34.090000,0
1523137320,20.770000,46.647499,23.260000,34.040001,0
1523137560,20.850000,46.849998,23.309999,34.029999,0
1523137680,20.820000,46.902500,23.370001,34.029999,0
1523137800,20.799999,46.860001,23.389999,33.959999,0
1523137860,20.820000,46.860001,23.430000,33.919998,0
1523137920,20.799999,46.693333,23.459999,33.869999,0
1523137980,20.799999,45.112499,23.500000,33.770000,0
1523138040,20.790001,46.137501,23.520000,33.700001,0
1523138100,20.780001,47.099998,23.559999,33.630001,0
1523138220,20.760000,47.330002,23.559999,33.570000,0
1523138280,20.773335,47.192501,23.600000,33.959999,0
